FREKVENS,90420332,265,Bar furniture,        Bar table/ in/outdoor/          51x51 cm,Nicholai Wiig Hansen,99,51
NORDVIKEN,368814,995,Bar furniture,        Bar table/          140x80 cm,Francis Cayouette,105,80
NORDVIKEN / NORDVIKEN,9333523,2095,Bar furniture,        Bar table and 4 bar stools,Francis Cayouette,,
STIG,80155205,69,Bar furniture,        Bar stool with backrest/          74 cm,Henrik Preutz,100,60
NORBERG,30180504,225,Bar furniture,        Wall-mounted drop-leaf table/          74x60 cm,Marcus Arvonen,43,74
INGOLF,10122647,345,Bar furniture,        Bar stool with backrest/          63 cm,Carina Bengs,91,40
FRANKLIN,70404875,129,Bar furniture,        Bar stool with backrest/ foldable/          63 cm,K Hagberg/M Hagberg,95,50
DALFRED,60155602,195,Bar furniture,        Bar stool/          63-74 cm,Sarah Fager,,50
EKEDALEN / EKEDALEN,69304221,2176,Bar furniture,        Bar table and 4 bar stools,Ehlén Johansson,,
NORRARYD,397736,395,Bar furniture,        Bar stool with backrest/          74 cm,Nike Karlsson,103,46
EKEDALEN,400550,345,Bar furniture,        Bar stool with backrest/          75 cm,Ehlén Johansson,114,43
TOMMARYD,29304826,695,Bar furniture,        Table/          130x70/105 cm,Maja Ganszyniec,105,70
HENRIKSDAL,40426138,395,Bar furniture,        Bar stool with backrest frame/          74 cm,Karl Malmvall,102,40
KULLABERG,50363649,140,Bar furniture,        Stool,Sarah Fager,,36
JANINGE,70246089,595,Bar furniture,        Bar stool/          76 cm,John/Jonas/Petrus/Paul/Caroline,84,38
RÅSKOG,30352246,175,Bar furniture,        Bar stool/          63 cm,Nike Karlsson,63,44
STENSELE / NORRARYD,29297227,1340,Bar furniture,        Bar table and 2 bar stools,Nike Karlsson/Maja Ganszyniec,,
STENSELE,99323925,550,Bar furniture,        Bar table/          70x70 cm,Maja Ganszyniec,104,70
NORRÅKER,40339004,595,Bar furniture,        Bar table/          74x74 cm,J Karlsson/N Karlsson,102,74
NORRÅKER / NORRÅKER,19297275,1266,Bar furniture,        Bar table and 2 bar stools/          74 cm,J Karlsson/N Karlsson,,
YNGVAR,60400745,475,Bar furniture,        Bar stool/          75 cm,IKEA of Sweden,,40
NORRÅKER / NORRARYD,89280380,1385,Bar furniture,        Bar table and 2 bar stools/          74 cm,Nike Karlsson/J Karlsson/N Karlsson,104,74
BERNHARD,272656,745,Bar furniture,        Bar stool with backrest/          66 cm,Ola Wihlborg,90,48
GLENN,30135658,445,Bar furniture,        Bar stool/          77 cm,Marcus Arvonen,100,50
MINNEN,29123958,395,Beds,        Ext bed frame with slatted bed base/          80x200 cm,IKEA of Sweden/Tina Christensen,,85
BRIMNES,49278341,895,Beds,        Bed frame w storage and headboard/          90x200 cm,IKEA of Sweden/K Hagberg/M Hagberg,110,96
SMÅGÖRA,50461230,595,Beds,        Cot/          60x120 cm,IKEA of Sweden,79,66
PLATSA,89326463,2111,Beds,        Bed frame with 4 drawers/          140x244x163 cm,Ola Wihlborg/IKEA of Sweden,43,140
VATTVIKEN,50468953,995,Beds,        Armchair-bed,"504.689.53 Small and easy-to-place chair-bed which can easily be converted into a single bed.The storage space under the seat has room for bedlinen or other things.Just as nice to look at from all sides – perfect to place in the middle of the room or use as a room divider.The cushion cover is easy to keep clean and fresh, as you can take it off and machine-wash it.Easy to assemble.1 cushion included.",86,92
SLÄKT,69326609,540,Beds,        Ext bed frame with slatted bed base/          80x200 cm,IKEA of Sweden/Ebba Strandmark,,91
NEIDEN,40395245,99,Beds,        Bed frame/          90x200 cm,Jon Karlsson,,94
LEIRVIK,69277307,1195,Beds,        Bed frame/          180x200 cm,IKEA of Sweden/Carina Bengs,,188
HEMNES,89931560,675,Beds,        Bed frame/          140x200 cm,IKEA of Sweden/Carina Bengs,,154
SLATTUM,30446373,595,Beds,        Upholstered bed frame/          140x200 cm,David Wahl,,144
SAGSTUA,19254209,545,Beds,        Bed frame/          140x200 cm,IKEA of Sweden/Paulin Machado,140,148
ASKVOLL,39019701,445,Beds,        Bed frame/          140x200 cm,IKEA of Sweden/K Hagberg/M Hagberg,,147
TRYSIL,69912770,525,Beds,        Bed frame/          160x200 cm,K Hagberg/M Hagberg/IKEA of Sweden,,165
MALM,29931596,495,Beds,        Bed frame/ high/          140x200 cm,IKEA of Sweden/Eva Lilja Löwenhielm,,156
RAMSTA,29179554,445,Beds,        Day-bed frame with slatted bed base/          90x200 cm,IKEA of Sweden,80,97
SONGESAND,9241043,395,Beds,        Bed frame/          140x200 cm,IKEA of Sweden,,153
SNIGLAR,19185433,195,Beds,        Bed frame with slatted bed base/          70x160 cm,IKEA of Sweden,,77
LAUVIK,39122072,1729,Beds,        Divan bed/          140x200 cm,IKEA of Sweden/Synnöve Mork/Ola Wihlborg,120,140
NESTTUN,99157983,595,Beds,        Bed frame/          140x200 cm,IKEA of Sweden/David Wahl,95,146
TYSSEDAL,69057522,1395,Beds,        Bed frame/          140x200 cm,Ebba Strandmark/IKEA of Sweden,,147
RIDABU,90331091,100,Beds,        Mirror door/          40x120 cm,"903.310.91 The door can be hung with the opening to the right or the left.To be completed with 3 HJÄLPA hinges, sold separately.Fits with PLATSA wardrobe system.Knobs and handles are sold separately.",120,40
KRITTER,69185435,360,Beds,        Bed frame with slatted bed base/          70x160 cm,IKEA of Sweden/Anna Efverlund,,75
SANDVIKA,80017389,295,Beds,        Guest bed/          80x190 cm,IKEA of Sweden,34,80
HAMMARN,90354327,399,Beds,        Sofa-bed/          120 cm,Jonas Hultqvist,78,128
BJÖRKSNÄS,79247598,2040,Beds,        Bed frame/          140x200 cm,K Hagberg/M Hagberg/IKEA of Sweden,42,160
NORDLI,9241420,2290,Beds,        Bed frame w storage and headboard/          140x200 cm,Ola Wihlborg,16,240
FYRESDAL,20424362,549,Beds,        Day-bed frame/          80x200 cm,K Hagberg/M Hagberg,94,88
MYDAL,20467629,895,Beds,        Bunk bed frame/          90x200 cm,IKEA of Sweden,157,97
TUFFING,239233,475,Beds,        Bunk bed frame/          90x200 cm,IKEA of Sweden,130,96
SÄBÖVIK,29239459,1745,Beds,        Divan bed/          140x200 cm,IKEA of Sweden,90,140
LYCKSELE,60116960,100,Beds,        Storage box 2-seat sofa-bed,IKEA of Sweden,21,92
TARVA,89019992,871,Beds,        Bed frame/          140x200 cm,IKEA of Sweden/K Hagberg/M Hagberg,,148
BUSUNGE,70305700,795,Beds,        Extendable bed/          80x200 cm,Carl Öjerstam,,90
MARKERAD,40433902,480,Beds,        Day-bed frame/          80x200 cm,Virgil Abloh,20,80
GJÖRA,79129986,1640,Beds,        Bed frame/          140x200 cm,Monika Mulder/IKEA of Sweden,,154
UTÅKER,360484,695,Beds,        Stackable bed/          80x200 cm,Henrik Preutz,2,83
BRYNE,44361010,49,Beds,        0 Easy to keep clean since you can remove the fabric and wash it by machine.NEVER use for infants and young children.WARNING! Entanglement and strangulation hazard.The net is not intended to be used as,,,
KURA,80253809,745,Beds,        Reversible bed/          90x200 cm,T Christensen/K Legaard,116,99
FRIHETEN,39216754,1846,Beds,        Corner sofa-bed with storage,IKEA of Sweden,66,
VITVAL,10448325,295,Beds,        Underbed/          90x200 cm,Tord Björklund,20,90
LURÖY,30160209,100,Beds,        Slatted bed base/          80x200 cm,IKEA of Sweden,4,80
DELAKTIG,99287550,2195,Beds,        Bed frame with headboard/          160x200 cm,Tom Dixon/IKEA of Sweden,99,164
STUVA,19268763,1725,Beds,        Loft bed combo w 2 shlvs/3 shlvs/          207x99x182 cm,IKEA of Sweden/Ebba Strandmark,182,
VIMLE,49303393,1400,Beds,        Cover for corner sofa-bed/ 4-seat,Ehlén Johansson,,
KONGSFJORD,89186778,8551,Beds,        Divan bed/          180x200 cm,Ola Wihlborg/IKEA of Sweden/Synnöve Mork,135,180
NYHAMN,9306416,1470,Beds,        Sofa-bed with triple cushion,IKEA of Sweden/L Hilland/Lisa Hilland,90,200
ASKEBY,70284203,995,Beds,        Two-seat sofa-bed,"702.842.03 A sofa-bed with small, neat dimensions which is easy to furnish with, even when space is limited.Readily converts into a bed.Fixed cover.",72,149
SUNDVIK,49046068,849,Beds,        Ext bed frame with slatted bed base/          80x200 cm,IKEA of Sweden,80,
SOLGUL,70362427,395,Beds,        Cradle with foam mattress/          66x84 cm,IKEA of Sweden,53,66
VIKARE,30099293,95,Beds,        Guard rail,IKEA of Sweden,7,
VALLENTUNA,39277498,1848,Beds,        Sofa-bed module with backrests,Fredriksson/L Löwenhielm/Hilland,84,113
SVÄRTA,10247973,895,Beds,        Bunk bed frame/          90x200 cm,Tord Björklund,159,97
LYCKSELE MURBO,19166180,1445,Beds,        Two-seat sofa-bed,IKEA of Sweden,87,142
LYCKSELE LÖVÅS,102065,495,Beds,        Mattress/          140x188 cm,IKEA of Sweden,,
BRYNILEN,60299691,30,Beds,        Leg/          10 cm,Ola Wihlborg,,
SUFFLETT,80332468,85,Beds,        Bed tent/          70/80/90,IKEA of Sweden,80,
LÖVA,90338403,55,Beds,        Bed canopy,A Huldén/S Dahlman,,90
FLEKKE,20320128,1495,Beds,        Day-bed frame with 2 drawers/          80x200 cm,K Hagberg/M Hagberg,86,88
STUVA / FÖLJA,89275265,1915,Beds,        Loft bed combo w 2 drawer/2 doors/          207x99x182 cm,IKEA of Sweden/Ebba Strandmark,182,
GRÄLVIKEN,70340567,1995,Beds,        3-seat sofa-bed,IKEA of Sweden,74,225
HOLMSUND,89240761,2295,Beds,        Three-seat sofa-bed,K Hagberg/M Hagberg,96,230
STUVA / FRITIDS,79253259,1990,Beds,        Loft bed combo w 3 drawers/2 doors/          207x99x182 cm,Ebba Strandmark/IKEA of Sweden,182,
GRÖNLID,29278101,3595,Beds,        2-seat sofa-bed,IKEA of Sweden/Francis Cayouette/Ehlén Johansson,104,196
GONATT,257953,1095,Beds,        Cot/          60x120 cm,J Asshoff/H Brogård,103,66
BRENNÅSEN,20299688,30,Beds,        Leg/          10 cm,Ola Wihlborg,,7
BRÅTHULT,9217849,1991,Beds,        Corner sofa-bed,Lisa Hilland/David Wahl/IKEA of Sweden,69,212
LIDHULT,29277639,9585,Beds,        Corner sofa-bed/ 6-seat,Henrik Preutz/IKEA of Sweden,102,387
BURFJORD,40299687,40,Beds,        Leg/          10 cm,Ola Wihlborg,,55
GULLIVER,10248519,595,Beds,        Cot/          60x120 cm,IKEA of Sweden,80,66
FLOTTEBO,89300750,2236,Beds,        Sofa-bed with side table/          120 cm,C Halskov/H Dalsgaard,79,200
SULTAN,45932080,50,Beds,        Supporting leg,IKEA of Sweden,,
BÅTSFJORD,10309616,30,Beds,        Leg/          10 cm,Ehlén Johansson,,
SANDBACKEN,79217902,1841,Beds,        Corner sofa-bed,David Wahl/Lisa Hilland/IKEA of Sweden,69,212
LYCKSELE HÅVET,60102067,795,Beds,        Mattress/          140x188 cm,IKEA of Sweden,,
BJORLI,70299695,40,Beds,        Leg/          10 cm,Ola Wihlborg,,
BRATTVÅG,80309613,50,Beds,        Leg/          10 cm,Ola Wihlborg,,
JONAXEL,59297141,135,Bookcases & shelving units,        Frame with mesh baskets/          25x51x70 cm,IKEA of Sweden,70,25
OLAUS,59201841,290,Bookcases & shelving units,        1 shelf section/          92x36x181 cm,IKEA of Sweden,181,92
KOLBJÖRN,450347,345,Bookcases & shelving units,        Cabinet in/outdoor/          80x81 cm,IKEA of Sweden,81,80
IVAR,99303461,1385,Bookcases & shelving units,        Shelv unit w table/cabinets/drawers/          175x30-104x179 cm,IKEA of Sweden,179,175
GERSBY,70261131,95,Bookcases & shelving units,        Bookcase/          60x180 cm,IKEA of Sweden,180,60
KALLAX,20275814,115,Bookcases & shelving units,        Shelving unit/          77x77 cm,Tord Björklund,77,77
LACK,60282186,199,Bookcases & shelving units,        Wall shelf unit/          30x190 cm,C Halskov/H Dalsgaard,190,30
HYLLIS,278578,59,Bookcases & shelving units,        Shelving unit/          60x27x140 cm,IKEA of Sweden,140,60
LAIVA,40178591,85,Bookcases & shelving units,        Bookcase/          62x165 cm,Jon Karlsson,165,62
SVALNÄS,40322876,270,Bookcases & shelving units,        Desk space with 2 drawers/          81x35 cm,Jon Karlsson,,81
VITTSJÖ,90305803,245,Bookcases & shelving units,        Shelving unit/          100x93 cm,Johan Kroon,93,100
BILLY,263850,185,Bookcases & shelving units,        Bookcase/          80x28x202 cm,Gillis Lundgren,202,80
HEJNE,39031411,165,Bookcases & shelving units,        1 section/          78x31x171 cm,IKEA of Sweden,171,78
LOMMARP,40415465,476,Bookcases & shelving units,        Bookcase/          65x199 cm,Francis Cayouette,199,65
FJÄLLBO,50339292,495,Bookcases & shelving units,        Shelving unit/          100x95 cm,Johan Kroon,95,100
OBSERVATÖR,20312492,15,Bookcases & shelving units,        Clip-on basket,Henrik Preutz,18,30
EKET,19189030,656,Bookcases & shelving units,        Wall-mounted cabinet combination/          80x35x210 cm,IKEA of Sweden/Jon Karlsson,210,80
GNEDBY,40277143,125,Bookcases & shelving units,        Shelving unit/          202 cm,IKEA of Sweden,202,20
LIATORP,50279066,450,Bookcases & shelving units,        Panel/glass door/          44x198 cm,Carina Bengs,198,44
BESTÅ,80295526,25,Bookcases & shelving units,        Shelf/          56x16 cm,IKEA of Sweden,,56
BILLY / OXBERG,69281804,915,Bookcases & shelving units,        Bookcase with glass-doors/          120x30x202 cm,Gillis Lundgren,202,120
FINNBY,10261129,149,Bookcases & shelving units,        Bookcase/          60x180 cm,IKEA of Sweden,180,60
VILTO,90344456,275,Bookcases & shelving units,        Shelving unit/          46x150 cm,Maja Ganszyniec,150,46
BRUSALI,70302283,237,Bookcases & shelving units,        Bookcase/          67x190 cm,IKEA of Sweden,190,67
BESTÅ / EKET,99286838,1719,Bookcases & shelving units,        Cabinet combination for TV/          210x40x220 cm,Jon Karlsson/IKEA of Sweden,220,210
STUK,20417205,35,Bookcases & shelving units,        Storage case/          55x51x18 cm,IKEA of Sweden,18,55
BOTTNA,90394470,15,Bookcases & shelving units,        Book-end,K Hagberg/M Hagberg,15,13
ALGOT,40218554,15.6,Bookcases & shelving units,        Shelf/          40x38 cm,Francis Cayouette,,40
MOSTORP,60295706,417,Bookcases & shelving units,        Wall shelf/          160x27 cm,"602.957.06 With a media shelf you can make the most of the wall area, while freeing up space on the floor.Different wall materials require different types of fixing devices. Use fixing devices suitable for the walls in your home, sold separately.",27,160
EDVALLA,40347886,25,Bookcases & shelving units,        Drop handle/          18 mm,Francis Cayouette,,33
BILLY / BOTTNA,99277122,140,Bookcases & shelving units,        Bookcase with display shelf/          40x28x106 cm,K Hagberg/M Hagberg/Gillis Lundgren,106,40
MORLIDEN,10279860,200,Bookcases & shelving units,        Glass door/          40x192 cm,IKEA of Sweden,192,40
BROR,50343147,15,Bookcases & shelving units,        Hook for post/          7x5x3 cm 2 pack,IKEA of Sweden,7,3
ENETRI,49227605,412,Bookcases & shelving units,        Shelving unit/          170x158 cm,Niels Gammelgaard,158,170
GUBBARP,80336433,3,Bookcases & shelving units,        Knob/          21 mm,H Preutz/A Fredriksson,,
BILLY / GNEDBY,99020476,940,Bookcases & shelving units,        Bookcase/          200x28x202 cm,IKEA of Sweden/Gillis Lundgren,202,200
FIXA,90323393,5.6,Bookcases & shelving units,        Drill template,903.233.93 Drill template for marking the hole location of knobs or handles makes it easier for you to place them correctly.The strip on the drill template is put against the edge of the door or drawer front; helps you to place the handle perfectly straight vertically or horizontally.,,64
HEDRA,50046152,9,Bookcases & shelving units,        Knob/          32 mm,IKEA of Sweden,,
BAGGANÄS,338412,27,Bookcases & shelving units,        Knob/          21 mm,H Preutz/A Fredriksson,,21
ÖSTERNÄS,20348896,49,Bookcases & shelving units,        Leather handle/          65 mm,H Preutz/A Fredriksson,,25
SKUBB,90294989,49,Bookcases & shelving units,        Storage case/          69x55x19 cm,IKEA of Sweden,19,69
SKÅDIS,335885,6,Bookcases & shelving units,        Connector for ALGOT,Eva Lilja Löwenhielm,4,5
HAVSTA,70391038,695,Bookcases & shelving units,        Shelving unit with plinth/          61x37x212 cm,IKEA of Sweden,212,61
NANNARP,10293597,40,Bookcases & shelving units,        Leg,Carl Öjerstam,100,100
ENERYDA,40347508,22,Bookcases & shelving units,        Knob/          27 mm,Francis Cayouette,,
BILLY / MORLIDEN,69287373,315,Bookcases & shelving units,        Bookcase with glass door/          40x30x106 cm,IKEA of Sweden/Gillis Lundgren,106,40
BESTÅ BURS,30269129,1195,Bookcases & shelving units,        TV bench/          180x41x49 cm,Mikael Warnhammar,49,180
STUBBARP,60293566,35,Bookcases & shelving units,        Leg,IKEA of Sweden,100,44
BILLSBRO,60334312,35,Bookcases & shelving units,        Handle/          320 mm,H Preutz/A Fredriksson,,
SELSVIKEN,296351,60,Bookcases & shelving units,        Drawer front/          60x26 cm,IKEA of Sweden,26,60
GLASSVIK,10443629,175,Bookcases & shelving units,        Glass door/          60x38 cm,IKEA of Sweden,38,60
GALANT,20365188,575,Bookcases & shelving units,        Shelf unit/          80x120 cm,K Malmvall/E Lilja Löwenhielm,120,80
LAPPVIKEN,40364060,38.5,Bookcases & shelving units,        Door/          60x64 cm,IKEA of Sweden,64,60
NOTVIKEN,70443626,100,Bookcases & shelving units,        Door/drawer front/          60x38 cm,704.436.26 The front may be used as a door or as a drawer front.You can choose to mount the door on the right or left side.The doors keep your belongings hidden and free from dust.To be completed with BESTÅ hinges if used as door. Sold separately.To be completed with BESTÅ drawer frame 60x25x40 cm and BESTÅ drawer runner if used as drawer front. Sold separately.May be completed with knobs or handles. Sold separately.Drill template for marking of hole positions for handles or knobs is sold separately.,38,60
OXBERG,30323367,200,Bookcases & shelving units,        Glass door/          40x192 cm,K Hagberg/M Hagberg,192,40
BERGHALLA,80322855,22,Bookcases & shelving units,        Handle/          56 mm,H Preutz/A Fredriksson,,9
SULARP,40390766,45.5,Bookcases & shelving units,        Leg,Carl Öjerstam,10,
MÖLLARP,70265247,17,Bookcases & shelving units,        Handle/          106 mm,K Hagberg/M Hagberg,,9
HACKÅS,80339790,17,Bookcases & shelving units,        Knob/          15 mm,J Löfgren/J Pettersson,,24
ORRNÄS,30236153,17,Bookcases & shelving units,        Knob/          17 mm,IKEA of Sweden,,17
VEBERÖD,10343328,645,Bookcases & shelving units,        Shelving unit/          45x181 cm,Gustav Carlberg,181,45
MOSSARYD,70370352,29,Bookcases & shelving units,        Drop handle/          49 mm,Francis Cayouette,,
LAXVIKEN,90291698,175,Bookcases & shelving units,        Door/          60x64 cm,IKEA of Sweden,64,60
VASSVIKEN,414255,150,Bookcases & shelving units,        Door/          60x64 cm,IKEA of Sweden,,
HISHULT,20273141,17,Bookcases & shelving units,        Knob/          23 mm,K Hagberg/M Hagberg,,
KLACKBERG,30373164,35,Bookcases & shelving units,        Knob/          35 mm,Charlie Styrbjörn,,
BEKANT,10373495,1495,Bookcases & shelving units,        Shelving unit/          121x134 cm,Eva Lilja Löwenhielm,134,121
BJÄRRED,70348894,49,Bookcases & shelving units,        Handle/          175 mm,H Preutz/A Fredriksson,,
UPPLEVA,20330599,199,Bookcases & shelving units,"        Bracket for TV/ swivel/          37-55 ""","203.305.99 The TV-bracket can be angled for change of viewing position, and easy access to cables and connections.The TV bracket has integrated cable management so you can easily gather and conceal wires for a neater TV solution.UPPLEVA TV-brackets are VESA-compatibleFits most 37-55"" flat screen TVs.Fits MOSTORP, MALSJÖ and BESTÅ TV benches.",,
HANVIKEN,60294797,50,Bookcases & shelving units,        Drawer front/          60x26 cm,Marcus Arvonen,26,60
KALLRÖR,50357002,25,Bookcases & shelving units,        Handle/          213 mm,IKEA of Sweden,,
SINDVIK,90291858,150,Bookcases & shelving units,        Glass door/          60x64 cm,Marcus Arvonen,64,60
KALLVIKEN,10364523,170,Bookcases & shelving units,        Door/          60x64 cm,IKEA of Sweden,64,60
KLIMPEN,10353765,345,Bookcases & shelving units,        Table leg with storage/          58x70 cm,Tina Christensen,70,58
STALLARP,20390574,45,Bookcases & shelving units,        Leg,Carl Öjerstam,10,4
TIMMERVIKEN,60441562,60,Bookcases & shelving units,        Drawer front/          60x26 cm,"604.415.62 Drawers make it easy to keep your things organised.To be completed with BESTÅ drawer frame 60X15X40 cm and BESTÅ drawer runner, sold separately.May be completed with knobs or handles. Sold separately.Drill template for marking of hole positions for handles or knobs is sold separately.",26,60
STOCKVIKEN,10441569,210,Bookcases & shelving units,        Door/          60x64 cm,104.415.69 You can choose to mount the door on the right or left side.To be completed with BESTÅ hinges.1 door requires 1 pack of hinges. Sold separately.May be completed with knobs or handles. Sold separately.Drill template for marking of hole positions for handles or knobs is sold separately.,64,60
ALGOT / SKÅDIS,19276414,598,Bookcases & shelving units,        Wall upright/shelves/rod/          132x41x199 cm,Francis Cayouette/Eva Lilja Löwenhielm,199,132
SKÄRHAMN,70348785,29,Bookcases & shelving units,        Knob/          22 mm,Ebba Strandmark,,
RIKSVIKEN,70441566,225,Bookcases & shelving units,        Door/          60x64 cm,704.415.66 You can choose to mount the door on the right or left side.To be completed with BESTÅ hinges.1 door requires 1 pack of hinges. Sold separately.May be completed with knobs or handles. Sold separately.Drill template for marking of hole positions for handles or knobs is sold separately.,64,60
ALGOT / BROR,69285473,1311,Bookcases & shelving units,        Shelving unit with cabinet/          162x41x162 cm,Francis Cayouette/IKEA of Sweden,162,162
DETOLF,10119206,295,Cabinets & cupboards,        Glass-door cabinet/          43x163 cm,IKEA of Sweden,163,43
SYVDE,30439565,595,Cabinets & cupboards,        Cabinet with glass doors/          100x123 cm,IKEA of Sweden,123,100
LIXHULT,59248867,580,Cabinets & cupboards,        Storage combination/          140x82 cm,Jon Karlsson,60,140
ROTHULT,359739,95,Cabinets & cupboards,        Smart lock,IKEA of Sweden,7,3
MILSBO,396416,995,Cabinets & cupboards,        Glass-door cabinet/          73x175 cm,Jonas Hultqvist,175,73
IKEA PS,10251451,425,Cabinets & cupboards,        Cabinet/          119x63 cm,Nicholai Wiig Hansen,63,119
FABRIKÖR,363171,636,Cabinets & cupboards,        Glass-door cabinet/          81x113 cm,Nike Karlsson,113,81
REGISSÖR,60342072,796,Cabinets & cupboards,        Cabinet/          118x110 cm,K Hagberg/M Hagberg,110,118
BRYGGJA,90421911,597,Cabinets & cupboards,        Storage unit/          120x173 cm,Ola Wihlborg,173,120
ERIK,70341005,595,Cabinets & cupboards,        File cabinet/          41x104 cm,IKEA of Sweden,104,41
MALSJÖ,327772,2100,Cabinets & cupboards,        Sideboard basic unit/          145x92 cm,Carina Bengs,92,145
HÄLLAN,49249396,875,Cabinets & cupboards,        Storage combination with doors/          45x47x167 cm,Jon Karlsson,167,45
IDÅSEN,30360977,995,Cabinets & cupboards,        High cabinet with drawer and doors/          45x172 cm,Jon Karlsson,172,45
LEIFARNE,19304209,275,Café furniture,        Chair with armrests,Mia Lagerman,87,53
STENSELE / RÖNNINGE,39297156,1140,Café furniture,        Table and 2 chairs,Maja Ganszyniec,,
RÖNNINGE,10422504,345,Café furniture,        Chair,Maja Ganszyniec,79,46
SVENBERTIL,49259743,275,Café furniture,        Chair with armrests,Mia Lagerman,84,53
MELLTORP / ADDE,49011766,179,Chairs,        Table and 2 chairs/          75 cm,Lisa Norinder/Marcus Arvonen,72,75
MALINDA,10209202,25,Chairs,        Chair cushion/          40/35x38x7 cm,IKEA of Sweden,,
BINGSTA,40455649,595,Chairs,        Armchair,Elizabet Gutierrez,76,70
SKRUVSTA,40472861,545,Chairs,        Swivel chair,"404.728.61 Height adjustable armchair which you can swivel to the desired height.Slim lines, easy to place.You sit comfortably since the chair is adjustable in height.The safety castors have a pressure-sensitive brake mechanism that keeps the chair in place when you stand up, and releases automatically when you sit down.This product has been developed and tested for domestic use.",79,69
LOBERGET / BLYSKÄR,79331865,155,Chairs,        Swivel chair,IKEA of Sweden/Carl Öjerstam,,67
STRANDMON,20456956,995,Chairs,        Wing chair,IKEA of Sweden,101,82
RENBERGET,20339420,175,Chairs,        Swivel chair,IKEA of Sweden,,59
SNILLE,79046260,125,Chairs,        Swivel chair,IKEA of Sweden,,67
PELLO,50078464,195,Chairs,        Armchair,IKEA of Sweden,96,67
MILLBERGET,90339412,350,Chairs,        Swivel chair,Ola Wihlborg,,
FANBYN,9221016,295,Chairs,        Chair with armrests,092.210.16 You sit comfortably thanks to the shaped back and armrests.Suitable for both indoor and outdoor use.,,
FLINTAN / NOMINELL,29208194,370,Chairs,        Office chair with armrests,Henrik Preutz/Olle Lundberg,,74
EKOLSUND,59297184,1395,Chairs,        Recliner,Anna Palleschitz,97,85
NILSOVE,50434312,395,Chairs,        Chair with armrests,A Fredriksson/J Hultqvist/W Chong,82,57
AGEN,50058376,245,Chairs,        Chair,500.583.76 Rattan is a natural material which ages beautifully and develops its own unique character over time.Handwoven; each piece of furniture is unique.Stackable chair; saves space when not in use.Plastic feet; protect the furniture if in contact with a moist surface.May be completed with NORNA chair pad for enhanced seating comfort.,79,58
ADDE,10219178,40,Chairs,        Chair,Marcus Arvonen,77,39
SKÅLBERG / SPORREN,69023612,190,Chairs,        Swivel chair,IKEA of Sweden/Carl Öjerstam,,71
MARIUS,90184047,25,Chairs,        Stool,Ola Wihlborg,,40
MOLTE,20292776,69,Chairs,        Desk chair,Lycke von Schantz,,40
GUNDE,60217799,30,Chairs,        Folding chair,K Hagberg/M Hagberg,78,41
ÖRFJÄLL,70441769,195,Chairs,        Children's desk chair,S Holmbäck/U Nordentoft,,53
NOLMYRA,10233532,175,Chairs,        Easy chair,Jooyeon Lee,75,64
LÅNGFJÄLL,9252786,695,Chairs,        Office chair with armrests,Eva Lilja Löwenhielm,,68
GRÖNADAL,90320097,795,Chairs,        Rocking-chair,Lisa Hilland,86,80
KARLJAN,50341025,125,Chairs,        Chair,Francis Cayouette,81,49
BLECKBERGET,60308676,250,Chairs,        Swivel chair,Francis Cayouette,,68
REMSTA,60344759,795,Chairs,        Armchair,IKEA of Sweden,88,60
STOCKSUND,39129342,995,Chairs,        Bench,Nike Karlsson,47,144
FLINTAN,20336836,245,Chairs,        Office chair,Henrik Preutz,,74
IKEA PS GULLHOLMEN,50039552,295,Chairs,        Rocking-chair,Maria Vinka,75,62
MARKUS,70261150,795,Chairs,        Office chair,Henrik Preutz,,62
BEKVÄM,60178887,59,Chairs,        Step stool/          50 cm,Nike Karlsson,50,43
TOSSBERG,90435324,495,Chairs,        Chair,IKEA of Sweden,82,60
SAKARIAS,50463502,50,Chairs,        Stool cover,IKEA of Sweden,,
KYRRE,60416925,60,Chairs,        Stool,C Styrbjörn/M Axelsson,45,42
TEODORES,90350937,95,Chairs,        Chair,David Wahl,80,46
BUSKBO,79299016,675,Chairs,        Armchair,IKEA of Sweden/A Fredriksson/J Hultqvist/W Chong,42,72
JOKKMOKK,90342688,79.2,Chairs,        Chair,Carina Bengs,90,41
ODGER,70308685,395,Chairs,        Swivel chair,J Löfgren/J Pettersson,,68
TOBIAS,80349671,345,Chairs,        Chair,Carl Öjerstam,82,55
TULLSTA,29272712,545,Chairs,        Armchair,IKEA of Sweden,78,79
VEDBO,40423578,975,Chairs,        Armchair,Francis Cayouette,75,73
HARRY,60105829,199,Chairs,        Chair,IKEA of Sweden,96,48
IKEA PS LÖMSK,10407136,345,Chairs,        Swivel armchair,Monika Mulder,75,59
LOBERGET / SIBBEN,59337670,95,Chairs,        Children's desk chair,593.376.70 Height adjustable children's desk chair which you can swivel to the desired height.You sit comfortably since the chair is adjustable in height.May be completed with KOLON floor protector.This product has been tested for domestic use.Recommended for ages 7 – 12 years.,,56
POÄNG,90116553,179,Chairs,        Children's armchair,Noboru Nakamura,68,47
SÖDERHAMN,29151296,1100,Chairs,        Chaise longue,Ola Wihlborg,83,93
MACKAPÄR,10334753,295,Chairs,        Bench with storage compartments/          100x51 cm,Eva Lilja Löwenhielm,51,100
NILSOVE / NORNA,19304006,424,Chairs,        Chair with chair pad,A Fredriksson/J Hultqvist/W Chong,82,57
ALEFJÄLL,40419982,1295,Chairs,        Office chair,"404.199.82 The leather ages beautifully and acquires a nice patina over time.10 year guarantee. Read about the terms in the guarantee brochure.The safety castors have a pressure-sensitive brake mechanism that keeps the chair in place when you stand up, and releases automatically when you sit down.Seat and backrest are adjustable in height and give you maximum support regardless of your body height.You get good support for your thighs and back since the seat depth is adjustable.You can lean back with perfect balance, as the tilt tension mechanism automatically adjusts the resistance to suit your weight and movements. This chair has been tested for office use and meets the requirements for durability and stability set forth in the following standards: EN 1335 and ANSI/BIFMA x5.1.",,64
EKTORP,79129081,675,Chairs,        Armchair,IKEA of Sweden,88,104
STEFAN,211088,85,Chairs,        Chair,IKEA of Sweden,90,42
NISSE,30115066,49,Chairs,        Folding chair,"301.150.66 You sit comfortably thanks to the chair's shaped back and seat.You can hang the chair on a hook on the wall to save space.You can fold the chair, so it takes less space when you're not using it.The chair is available in different colours – choose your favourite or mix.This chair has been tested for home use and meets the requirements for durability and safety, set forth in the following standards: EN 12520 and EN 1022.",76,45
ANTILOP,30449748,16,Chairs,        Supporting cushion,S Edholm/L Ullenius,,
EKERÖ,262879,695,Chairs,        Armchair,Eva Lilja Löwenhielm,75,70
HATTEFJÄLL,49252119,1295,Chairs,        Office chair with armrests,Monika Mulder,110,68
BÖRJE,90211531,175,Chairs,        Chair,IKEA of Sweden,100,44
DAGOTTO,40240989,69,Chairs,        Foot-rest,"402.409.89 This foot-rest helps you sit in a good working position at your desk and reduces strain on your legs, back and neck.It’s easy to tilt and adjust the platform to a comfortable angle just by applying pressure with your foot.Your feet stay in place when the platform is tilted because it has a non-slip textured surface.Rubber feet underneath keep the foot-rest firmly in place on the floor and protect sensitive surfaces.",15,38
JÄRVFJÄLLET,99275627,945,Chairs,        Office chair with armrests,Eva Lilja Löwenhielm,,68
RÅDVIKEN,50295472,675,Chairs,        Armchair,Andreas Fredriksson,82,79
MARTIN,9219527,99,Chairs,        Chair,IKEA of Sweden,86,49
LERHAMN,39306288,589,Chairs,        Table and 2 chairs/          74x74 cm,Nike Karlsson,75,74
BALTSAR,10413137,595,Chairs,        Chair,Carl Öjerstam,85,58
BERTIL,30141975,19,Chairs,        Chair pad,IKEA of Sweden,,
ULRIKSBERG,90434310,445,Chairs,        Armchair,A Fredriksson/J Hultqvist/W Chong,76,67
FÖRSIKTIG,60248418,15,Chairs,        Children's stool,K Hagberg/M Hagberg,13,37
JUSTINA,90175000,19,Chairs,        Chair pad/          35/42x40x4.0 cm,IKEA of Sweden,,
KOARP,99221743,825,Chairs,        Armchair,Ehlén Johansson,75,83
MAMMUT,20382324,29,Chairs,        Children's stool,M Kjelstrup/A Östgaard,,35
TÄRENDÖ / ADDE,79010690,285,Chairs,        Table and 4 chairs/          110 cm,K Hagberg/M Hagberg/Marcus Arvonen,74,67
NILSERIK,90309721,195,Chairs,        Standing support,IKEA of Sweden,,41
LILLHÖJDEN,40238712,395,Chairs,        Swivel chair,IKEA of Sweden,,70
JULES,39207716,255,Chairs,        Children's desk chair,Nicholai Wiig Hansen,,58
VIPPÄRT,410101,29,Chairs,        Chair cushion/          38x38x6.5 cm,IKEA of Sweden,,38
BENARP,40319398,1495,Chairs,        Armchair,403.193.98 The high back gives good support for your neck and head.,106,92
SKOGSTORP,20426276,795,Chairs,        Bench/          132 cm,"204.262.76 Solid oak is a hardwearing natural material which gives a warm, natural feeling.Wood is a natural living material, and variations in the grain, colour and texture makes each piece of wood furniture unique.Each piece of furniture is unique as it is handmade.For maximum quality, re-tighten the screws when necessary.",45,132
FJÄLLBERGET,80396422,995,Chairs,        Conference chair,H Preutz/N Karlsson,,67
VIMUND,10424353,299,Chairs,        Children's desk chair,IKEA of Sweden,,62
TERJE,80222441,79,Chairs,        Folding chair,Lars Norinder,77,44
LANGUR,30346986,50,Chairs,        Padded seat cover for highchair,Chenyi Ke,40,22
LIDKULLEN,418376,350,Chairs,        Active sit/stand support,E Thomasson/P Süssmann,,60
MELLTORP / TEODORES,39296901,289,Chairs,        Table and 2 chairs/          75x75 cm,David Wahl/Lisa Norinder,,75
SUNNEA,60416572,22,Chairs,        Chair pad/          36x2.5 cm,IKEA of Sweden,,
EKENÄS,276664,995,Chairs,        Armchair,Ola Wihlborg,90,86
BOLMEN,60265163,22,Chairs,        Step stool,K Hagberg/M Hagberg,,44
BUSSAN,50312909,525,Chairs,        Beanbag/ in/outdoor,Anna Efverlund,,67
HAVSTEN,39251931,1075,Chairs,        Easy chair/ in/outdoor/          83x94x90 cm,Andreas Fredriksson,90,83
MELLTORP / NILSOVE,29297294,889,Chairs,        Table and 2 chairs/          75x75 cm,Lisa Norinder/A Fredriksson/J Hultqvist/W Chong,,75
SVENARNE,30427341,795,Chairs,        Chair with armrests,K Hagberg/M Hagberg,99,59
INGATORP / INGOLF,29917307,1725,Chairs,        Table and 4 chairs/          155 cm,Carina Bengs,74,87
UTTER,50357785,25,Chairs,        Children's stool,K Hagberg/M Hagberg,,
MELLTORP / MARIUS,99011764,149,Chairs,        Table and 2 stools/          75 cm,Ola Wihlborg/Lisa Norinder,72,75
DJUPVIK,30204798,100,Chairs,        Cushion/          54x54 cm,IKEA of Sweden,,54
HILLARED,40416587,35,Chairs,        Chair pad/          36x36x3.0 cm,IKEA of Sweden,,36
ODDBJÖRG,395209,28,Chairs,        Chair pad/          35 cm,IKEA of Sweden,,
MÖRBYLÅNGA / ODGER,19305044,3475,Chairs,        Table and 4 chairs/          140x85 cm,J Löfgren/J Pettersson/S Lanneskog/J Marnell,74,85
KARLHUGO,80403516,595,Chairs,        Chair,Mikael Warnhammar,89,49
ELSEBET,90412450,39,Chairs,        Chair pad/          43x42x4.0 cm,IKEA of Sweden,,43
HERDIS,20416593,19,Chairs,        Chair pad/          37x37x1.8 cm,IKEA of Sweden,,37
NORDKISA,447680,345,Chairs,        Bench/          80 cm,L Hilland/J Karlsson,53,
NORDMELA,10421665,636,Chairs,        Chest of 4 drawers/          159x50 cm,Ola Wihlborg,50,159
CILLA,10150094,22,Chairs,        Chair pad/          34 cm,IKEA of Sweden,,
GISTAD,40466389,945,Chairs,        Recliner,IKEA of Sweden,96,66
MÖRBYLÅNGA / BALTSAR,89297286,6065,Chairs,        Table and 6 chairs/          220x100 cm,Carl Öjerstam/S Lanneskog/J Marnell,,100
LANDSKRONA,49031774,1995,Chairs,        Armchair,Tord Björklund/IKEA of Sweden,78,89
KORNSJÖ,90471581,375,Chairs,        Storage bench,Ebba Strandmark,51,70
STRÅFLY,410083,15,Chairs,        Chair pad/          36 cm,IKEA of Sweden,,
TRANARÖ,10411421,95,Chairs,        Stool/side table/ in/outdoor/          56x41x43 cm,Ola Wihlborg,43,56
MELLTORP / NISSE,39280698,197,Chairs,        Table and 2 folding chairs/          75 cm,Lisa Norinder,72,75
GAMLARED / STEFAN,59221165,565,Chairs,        Table and 2 chairs/          85 cm,Mikael Axelsson/IKEA of Sweden,,
AGAM,70253541,195,Chairs,        Junior chair,IKEA of Sweden,79,41
MUREN,90299029,1395,Chairs,        Recliner,IKEA of Sweden,97,85
LISABO / LEIFARNE,29161484,1675,Chairs,        Table and 4 chairs/          140x78 cm,K Hagberg/M Hagberg/Mia Lagerman,74,78
GAMLEBY,49007217,2475,Chairs,        Table and 4 chairs/          67 cm,IKEA of Sweden/Nike Karlsson,74,78
EKEDALEN / HENRIKSDAL,49221439,2765,Chairs,        Table and 6 chairs/          180/240 cm,Ehlén Johansson/IKEA of Sweden,,
IKEA PS 2012 / JANINGE,69161482,1795,Chairs,        Table and 4 chairs/          138 cm,Jon Karlsson/John/Jonas/Petrus/Paul/Caroline,74,80
MÖCKELBY / FANBYN,19277036,4145,Chairs,        Table and 6 chairs/          235x100 cm,Marcus Arvonen,74,100
BORTBERG,10461010,49,Chairs,        Lumbar cushion/          31x23 cm,"104.610.10 The lumbar cushion helps you to sit up straight, which relieves both the spine and lower back.You easily attach the lumbar cushion to your favourite chair with the sewn-on touch-and-close fastening.Fixed cover.",,23
TÄRENDÖ / GUNDE,89010699,245,Chairs,        Table and 4 chairs/          110 cm,K Hagberg/M Hagberg,74,67
NORNA,20013073,29,Chairs,        Chair pad,200.130.73 The cushion can be turned over and therefore has two sides for even wear.Suitable for AGEN chair.,,42
GAMLARED / LERHAMN,79221169,685,Chairs,        Table and 2 chairs/          85 cm,Nike Karlsson/Mikael Axelsson,,
IKEA PS 2012 / TEODORES,89221475,1085,Chairs,        Table and 2 chairs,Jon Karlsson/David Wahl,,
BRORINGE,90339902,95,Chairs,        Underframe,Mia Lagerman,45,52
NOMINELL,90200269,125,Chairs,        Pair of armrests,Olle Lundberg,29,23
YPPERLIG / NILSOVE,69297292,2575,Chairs,        Table and 4 chairs/          200x90 cm,HAY/A Fredriksson/J Hultqvist/W Chong,,90
LISABO / ODGER,9259702,1875,Chairs,        Table and 4 chairs/          140x78 cm,K Hagberg/M Hagberg/J Löfgren/J Pettersson,74,78
EKEDALEN / BERNHARD,29280689,5465,Chairs,        Table and 6 chairs/          180/240 cm,Ehlén Johansson/Ola Wihlborg,,
ÖVRARYD / JANINGE,79161575,1535,Chairs,        Table and 4 chairs/          150 cm,David Wahl/John/Jonas/Petrus/Paul/Caroline,,78
KOLON,44881100,150,Chairs,        Floor protector/          120x100 cm,IKEA of Sweden,,120
FLISAT,40273593,89,Chairs,        Children's stool/          24x24x28 cm,S Fager/J Karlsson,,24
INGATORP,90246291,445,Chairs,        Chair with armrests,Ebba Strandmark,99,57
MÄSTERBY,40332074,145,Chairs,        Step stool,Chris Martin,50,43
LANEBERG / EKEDALEN,89304791,1595,Chairs,        Table and 4 chairs/          130/190x80 cm,Ehlén Johansson/K Hagberg/M Hagberg,,80
STOLJAN,89907452,220,Chairs,        Conference chair,Henrik Preutz,81,45
NORDEN / RÅSKOG,19285866,1067,Chairs,        Table and 2 stools/          89/152 cm,Nike Karlsson,,
SKOGSTA / NORRARYD,19246144,3555,Chairs,        Table and 6 chairs/          235x100 cm,Marcus Arvonen/Nike Karlsson,74,100
TROLLBERGET,80379347,495,Chairs,        Active sit/stand support,P Süssmann/J Karlsson,80,66
INGATORP / HENRIKSDAL,9161569,2625,Chairs,        Table and 4 chairs/          110 cm,IKEA of Sweden/Carina Bengs,74,
MÖRBYLÅNGA / VOLFGANG,9251824,4745,Chairs,        Table and 6 chairs/          220x100 cm,IKEA of Sweden/S Lanneskog/J Marnell,74,100
LISABO / SVENBERTIL,19250697,1675,Chairs,        Table and 4 chairs/          140x78 cm,Mia Lagerman/K Hagberg/M Hagberg,74,78
MELLTORP / JANINGE,39161488,919,Chairs,        Table and 4 chairs/          125 cm,John/Jonas/Petrus/Paul/Caroline/Lisa Norinder,72,75
MÖRBYLÅNGA / BERNHARD,59131626,6965,Chairs,        Table and 6 chairs/          220x100 cm,Ola Wihlborg/S Lanneskog/J Marnell,74,100
TORSBY / BERNHARD,59161562,3875,Chairs,        Table and 4 chairs/          135 cm,Carl Öjerstam/Ola Wihlborg/IKEA of Sweden,,
RYDEBÄCK/BACKARYD / JANINGE,69161203,1215,Chairs,        Table and 4 chairs/          150 cm,IKEA of Sweden/John/Jonas/Petrus/Paul/Caroline/David Wahl,75,78
KIVIK,79305512,1300,Chairs,        Chaise longue,Ola Wihlborg,83,90
TORSBY / VOLFGANG,99251853,2395,Chairs,        Table and 4 chairs,IKEA of Sweden/Carl Öjerstam,73,85
NORDVIKEN / RÖNNINGE,99305158,2875,Chairs,        Table and 4 chairs/          152/223x95 cm,Francis Cayouette/Maja Ganszyniec,,95
FUSION,80419070,1196,Chairs,        Table and 4 chairs,"804.190.70 The shape of the chair backs are adapted to fit the corners of the table, so you save space when the chairs are pushed up against the table.Table (length 84 cm, width 84 cm, height 75 cm). Chair (width 61 cm, depth 53 cm, height 76 cm, seat height 46 cm, seat width 55 cm, seat depth 39 cm).",,
NORBERG / NISSE,79912760,324,Chairs,        Table and 1 chair/          74 cm,Lisa Norinder/Marcus Arvonen,,74
TROGEN,80371520,89,Chairs,        Children's step stool/          40x38x33 cm,J Asshoff/H Brogård,33,40
NORSBORG,29125410,1740,Chairs,        Chaise longue,Ehlén Johansson,85,110
TINGBY / LEIFARNE,39221190,2165,Chairs,        Table and 6 chairs/          180 cm,Mia Lagerman/Mikael Warnhammar,,
LISABO / RÖNNINGE,39297118,2075,Chairs,        Table and 4 chairs/          140x78 cm,Maja Ganszyniec/K Hagberg/M Hagberg,,78
FÄRLÖV,49191705,1196,Chairs,        Armchair,Francis Cayouette,88,93
TORSBY / LEIFARNE,79161561,1675,Chairs,        Table and 4 chairs/          135 cm,IKEA of Sweden/Carl Öjerstam/Mia Lagerman,73,85
MÖRBYLÅNGA / TOSSBERG,79288032,5465,Chairs,        Table and 6 armchairs/          220x100 cm,S Lanneskog/J Marnell/IKEA of Sweden,,100
EKEDALEN / TOBIAS,89221319,3065,Chairs,        Table and 6 chairs/          180/240 cm,Carl Öjerstam/Ehlén Johansson,,
LANEBERG / KARLJAN,89304786,1195,Chairs,        Table and 4 chairs/          130/190x80 cm,Francis Cayouette/K Hagberg/M Hagberg,,80
GRUVBYN,10471085,545,Chairs,        Chair,"104.710.85 The chair legs are made of solid wood, which is a durable natural material.You sit comfortably thanks to the high back and seat with polyester wadding.For increased stability, re-tighten the screws about two weeks after assembly and when necessary.This chair has been tested for home use and meets the requirements for durability and safety, set forth in the following standards: EN 12520 and EN 1022.",107,51
MÖRBYLÅNGA / LEIFARNE,19131652,3665,Chairs,        Table and 6 chairs/          220x100 cm,S Lanneskog/J Marnell/Mia Lagerman,74,100
INGATORP / INGATORP,19240750,2725,Chairs,        Table and 4 chairs/          155 cm,Ebba Strandmark/Carina Bengs,74,87
VANGSTA / TEODORES,19252173,845,Chairs,        Table and 4 chairs/          120/180 cm,IKEA of Sweden/David Wahl,,
NORRÅKER / RÖNNINGE,39297255,1085,Chairs,        Table and 2 chairs/          74x74 cm,J Karlsson/N Karlsson/Maja Ganszyniec,,74
BLÅMES,50165079,375,Chairs,        Highchair with tray,Tina Christensen,93,52
VOLFGANG,70465538,175,Chairs,        Stool,704.655.38 You sit comfortably thanks to the restful flexibility of the seat.You sit comfortably thanks to the padded seat.Velvet.The velvet reflects light in a characteristic way which may make the colour appear as if it changes.,85,53
VÄSTANBY/VÄSTANÅ / BERNHARD,89161565,4295,Chairs,        Table and 4 chairs/          170 cm,Chris Martin/Ola Wihlborg/IKEA of Sweden,75,78
URBAN,165213,225,Chairs,        Junior chair,Carl Öjerstam,79,45
NORRNÄS,50185303,325,Chairs,        Chair,Mikael Warnhammar,95,42
YPPERLIG,50348668,195,Chairs,        Children's bench/          65x35 cm,HAY,56,35
EKEDALEN / ODGER,69221297,1975,Chairs,        Table and 4 chairs/          120/180 cm,Ehlén Johansson/J Löfgren/J Pettersson,,
BALSBERGET,80308675,210,Chairs,        Chair frame/ swivel,803.086.75 This product has been developed and tested for domestic use.To be completed with LEIFARNE or SVENBERTIL seat shell.,38,69
ERNFRID,287974,145,Chairs,        Underframe,Mia Lagerman,46,48
SLÄHULT/DALSHULT / LEIFARNE,19130501,1975,Chairs,        Table and 4 chairs/          185 cm,Mia Lagerman/IKEA of Sweden/Wiebke Braasch,73,90
INGATORP / SAKARIAS,19285927,4025,Chairs,        Table and 4 chairs/          110/155 cm,Carina Bengs/IKEA of Sweden/E Strandmark,,
NORDVIKEN / HENRIKSDAL,39305161,2675,Chairs,        Table and 4 chairs/          152/223x95 cm,Francis Cayouette/IKEA of Sweden,,95
NORDVIKEN / LEIFARNE,39305180,2275,Chairs,        Table and 4 chairs/          152/223x95 cm,Francis Cayouette/Mia Lagerman,,95
VEDBO / VEDBO,39307706,5865,Chairs,        Table and 6 chairs/          240x105 cm,Francis Cayouette,,105
LISABO / JANINGE,49103247,1595,Chairs,        Table and 4 chairs/          140x78 cm,K Hagberg/M Hagberg/John/Jonas/Petrus/Paul/Caroline,74,78
EKEDALEN / LEIFARNE,49221298,1575,Chairs,        Table and 4 chairs/          120/180 cm,Mia Lagerman/Ehlén Johansson,,
TINGBY / NILSOVE,49297293,2575,Chairs,        Table and 4 chairs/          180x90 cm,Mikael Warnhammar/A Fredriksson/J Hultqvist/W Chong,,90
DIETMAR,50393000,175,Chairs,        Underframe for chair with armrests,Mia Lagerman,65,53
MÖCKELBY / NORRARYD,59161492,4055,Chairs,        Table and 6 chairs/          235x100 cm,Marcus Arvonen/Nike Karlsson,74,100
MÖCKELBY / HENRIKSDAL,59277015,4265,Chairs,        Table and 6 chairs/          235x100 cm,IKEA of Sweden/Marcus Arvonen,74,100
VÄSTANBY/VÄSTANÅ / LEIFARNE,69130612,2095,Chairs,        Table and 4 chairs/          170 cm,Mia Lagerman/IKEA of Sweden/Chris Martin,75,78
NORDVIKEN / NORRARYD,69305174,2535,Chairs,        Table and 4 chairs/          152/223x95 cm,Francis Cayouette/Nike Karlsson,,95
MÖCKELBY / ODGER,79277019,4265,Chairs,        Table and 6 chairs/          235x100 cm,J Löfgren/J Pettersson/Marcus Arvonen,74,100
LANEBERG / SVENBERTIL,99304795,1475,Chairs,        Table and 4 chairs/          130/190x80 cm,K Hagberg/M Hagberg/Mia Lagerman,,80
HELMER,20341970,175,Chests of drawers & drawer units,        Drawer unit on castors/          28x69 cm,IKEA of Sweden,69,28
LENNART,30326177,49,Chests of drawers & drawer units,        Drawer unit,Jon Karlsson,56,30
RAST,75305709,139,Chests of drawers & drawer units,        Chest of 3 drawers/          62x70 cm,IKEA of Sweden,70,62
KOPPANG,10385950,395,Chests of drawers & drawer units,        Chest of 3 drawers/          90x83 cm,K Hagberg/M Hagberg,83,90
KULLEN,60322130,89,Chests of drawers & drawer units,        Chest of 2 drawers/          35x49 cm,IKEA of Sweden,49,35
ALEX,50192822,550,Chests of drawers & drawer units,        Drawer unit with 9 drawers/          36x116 cm,Johanna Asshoff,116,36
NIKKEBY,451498,345,Chests of drawers & drawer units,        Chest of 4 drawers/          84x70 cm,L Hilland/J Karlsson,70,84
LOTE,50293722,115,Chests of drawers & drawer units,        Chest of 3 drawers/          55x62 cm,David Wahl,62,55
VISTHUS,80347163,845,Chests of drawers & drawer units,        Chest of 8 drawers/          122x96 cm,T Winkel/T Jacobsen,96,122
MICKE,90213078,245,Chests of drawers & drawer units,        Drawer unit on castors/          35x75 cm,Henrik Preutz,75,35
SUMMERA,20252266,49,Chests of drawers & drawer units,        Drop file,Eva Lilja Löwenhielm,24,31
GODISHUS,80433486,295,Chests of drawers & drawer units,        Chest of 3 drawers/          60x64 cm,"804.334.86 Perfect height for small children. They can easily reach and find things on their own.With the included colourful stickers, you can quickly label the drawers in your own personal way.You can also write with chalk on the sticker to keep track of where you have your things.WARNING! TIPPING HAZARD – Unanchored furniture can tip over. This furniture shall be anchored to the wall with the enclosed safety fitting to prevent it from tipping over.Different wall materials require different types of fixing devices. Use fixing devices suitable for the walls in your home, sold separately.",64,60
TROFAST,19338054,245,Children's furniture,        Storage combination/          44x30x91 cm,Studio Copenhagen,91,44
LÄTT,50178411,135,Children's furniture,        Children's table with 2 chairs,IKEA of Sweden,,
CIRKUSTÄLT,80342052,79,Children's furniture,        Children's tent,IKEA of Sweden,120,
PÅHL,60306494,125,Children's furniture,        Desk top shelf/          64x60 cm,S Fager/J Jelinek,60,64
BUSA,10243574,49,Children's furniture,        Children's tent,Maria Vinka,76,76
RESÖ,70228325,205,Children's furniture,        Children's picnic table,IKEA of Sweden,49,89
BUNSÖ,90287413,69,Children's furniture,        Children's easy chair/ outdoor,Thomas Sandell,49,51
VÄDRA,80226137,95,Nursery furniture,        Babycare mat/          48x74 cm,IKEA of Sweden,,48
ÖNSKLIG,30199283,59,Nursery furniture,        Stor baskets changing tbl set of 4,Monika Mulder,26,27
LEN,20400243,89,Nursery furniture,        Nursing pillow/          60x50x18 cm,IKEA of Sweden,18,50
SKÖTSAM,360479,25,Nursery furniture,        Cover/          55x83 cm,Annie Huldén,,83
TÄRNÖ,69898415,199,Outdoor furniture,        Table+2 chairs/ outdoor,IKEA of Sweden,,
GÅRÖ / FREDÖN,49048425,564,Outdoor furniture,        Hammock with stand,IKEA of Sweden,129,119
FALHOLMEN,19217863,1431,Outdoor furniture,        Table+4 chairs w armrests/ outdoor,IKEA of Sweden/Andreas Fredriksson,,
ÄPPLARÖ,80213446,205,Outdoor furniture,        Table/stool section/ outdoor/          63x63 cm,K Hagberg/M Hagberg,28,63
MASTHOLMEN,19217518,984,Outdoor furniture,        2-seat conversation set/ outdoor,Nike Karlsson,,
TOSTERÖ,10411440,175,Outdoor furniture,        Storage box/ outdoor/          129x44x79 cm,"104.114.40 This waterproof storage box protects your outdoor pads and cushions from rain, sun, dirt, dust and pollen and helps you keep them organised when they’re not being used.Protecting your outdoor pads and cushions in a waterproof storage box is a simple and effective way to make them look new and fresh longer.The colour stays fresh for longer as the fabric is fade resistant. Handles make it easy to move.Make sure the cushions are completely dry before storing them away in the storage box.During the off-season, store the box filled with cushions in a cool dry place indoors.The storage box is light in weight, so you may need to fill it to keep it from moving around in the wind.For example, the storage box can be filled with 3 seat cushions and 3 back cushions for outdoor sofas and 4 decorative cushions.For example, the storage box can be filled with 6 seat/back cushions and 6 decorative cushions.For example, the storage box can be filled with 2 seat cushions and 2 back cushions for outdoor sofas, 2 chair cushions for armchairs and 2-4 decorative cushions.",79,129
BROMMÖ,40332682,205,Outdoor furniture,        Lounger/ outdoor,IKEA of Sweden,89,48
FREDÖN,80287362,225,Outdoor furniture,        Hammock,IKEA of Sweden,,100
KROKHOLMEN,80336466,175,Outdoor furniture,        Coffee table/ outdoor,Marcus Arvonen,44,
SOLLERÖN,49256867,4783,Outdoor furniture,        4-seat conversation set/ outdoor,Jonas Hultqvist/IKEA of Sweden/Eva Lilja Löwenhielm,,
VÄDDÖ,59048415,477,Outdoor furniture,        Table+4 chairs/ outdoor,Henrik Preutz,,
HÅLLÖ,30264565,245,Outdoor furniture,        Sun lounger pad/          190x60 cm,IKEA of Sweden,,60
SJÄLLAND,401941,180,Outdoor furniture,        Table top/          67x67 cm,David Wahl,,67
ASKHOLMEN,39286153,465,Outdoor furniture,        Table+2 chairs/ outdoor,IKEA of Sweden,,
STACKHOLMEN,20411425,125,Outdoor furniture,        Stool/ outdoor/          48x35x43 cm,Ola Wihlborg,43,35
SKARPÖ,70234185,179,Outdoor furniture,        Armchair/ outdoor,Magnus Elebäck,71,79
BENÖ,90336550,9,Outdoor furniture,        Chair pad/ outdoor/          35 cm,Paulin Machado,,
KUDDARNA,40411047,45,Outdoor furniture,        Back cushion/ outdoor/          62x44 cm,IKEA of Sweden,,62
INNAMO,50312424,107.4,Outdoor furniture,        Chair with armrests/ outdoor,IKEA of Sweden,93,54
LÄCKÖ,49898435,493,Outdoor furniture,        Table+2 chairs/ outdoor,Jon Karlsson,,
GÅRÖ,80251513,339,Outdoor furniture,        Hammock stand/ outdoor,IKEA of Sweden,129,119
KUNGSHOLMEN,79258271,2792.8,Outdoor furniture,        Modular corner sofa 3-seat/ outdoor,Eva Lilja Löwenhielm/IKEA of Sweden/Nike Karlsson,90,222
FEJAN,10255307,59,Outdoor furniture,        Chair/ outdoor,K Hagberg/M Hagberg,89,44
FRÖSÖN,70391712,39,Outdoor furniture,        Cover for back cushion/          62x44 cm,Eva Lilja Löwenhielm,,62
IKEA PS VÅGÖ,10174641,139,Outdoor furniture,        Easy chair/ outdoor,Thomas Sandell,71,74
PRÄSTHOLM,70418170,695,Outdoor furniture,        Bench with backrest/ outdoor,Ola Wihlborg,79,113
YTTERÖN,20314698,39,Outdoor furniture,        Chair cushion/ outdoor/          40x40 cm,IKEA of Sweden,,40
HUSARÖ,70410744,245,Outdoor furniture,        Side table/ outdoor/          49x49 cm,Ola Wihlborg,73,49
SVANÖ,30411415,495,Outdoor furniture,        Arbor bench/          119x48 cm,Mikael Axelsson,179,119
TORHOLMEN,20312326,785,Outdoor furniture,        Sun lounger,Andreas Fredriksson,47,70
BRUSEN,70424147,1036,Outdoor furniture,        3-seat sofa/ outdoor,Ola Wihlborg,75,146
FRÖSÖN/DUVHOLMEN,59253123,150,Outdoor furniture,        Seat/back cushion/ outdoor/          116x45 cm,IKEA of Sweden/Eva Lilja Löwenhielm,,45
STEGÖN,20312604,16.2,Outdoor furniture,        Chair cushion/ outdoor/          35 cm,Lisel Garsveden,,
SALTHOLMEN,19183815,445,Outdoor furniture,        Table+2 folding chairs/ outdoor,Jon Karlsson,,
DUVHOLMEN,80391839,15,Outdoor furniture,        Inner cushion for chair cushion/          35 cm,IKEA of Sweden,,
KUNGSÖ,50339763,110,Outdoor furniture,        Back cushion/ outdoor/          62x44 cm,IKEA of Sweden,,62
VIDGA,79166399,220,Room dividers,        Room divider for corner,David Wahl,,
ELVARLI,9157261,440,Room dividers,        1 section/          52x36x222-350 cm,Ehlén Johansson,,51
LISTERBY,30409035,495,"Sideboards, buffets & console tables",        Console table/          92x38x71 cm,Henrik Preutz,71,38
KNOPPARP,10424621,345,Sofas & armchairs,        2-seat sofa,"104.246.21 KNOPPARP sofa is very durable thanks to the metal construction and strong supporting fabric.Thanks to the innovative construction, we can use less materials and foam when we make KNOPPARP sofa, while the padded cover ensures that the comfort is maintained.A sofa with small, neat dimensions which is easy to furnish with, even when space is limited. This cover is made from KNISA fabric in polyester, which is dope-dyed. It’s a durable material which has a soft feel.The dope-dyeing process reduces consumption of water and dyestuff compared to traditional dyeing techniques.The cover is easy to keep clean as it is removable and can be machine washed.Easy to bring home if you choose to carry it on your own. The packaging is just over one metre in height and weighs 17 kg.10 year guarantee. Read about the terms in the guarantee brochure.This cover’s ability to resist abrasion has been tested to handle 40,000 cycles. 15,000 cycles or more is suitable for furniture used every day at home. Over 30,000 cycles means a good ability to resist abrasion.The cover has a lightfastness level of 5-6 (the ability to resist colour fading) on a scale of 1 to 8. According to industry standards, a lightfastness level of 4 or higher is suitable for home use.",70,119
ANGERSBY,10469186,745,Sofas & armchairs,        2-seat sofa,"104.691.86 The sofa is packaged in a space-efficient way, making it easy to transport and carry into your home.You can store remote controls and other smaller items in the practical pockets on the sides of the armrests.",89,137
KLIPPAN,9251777,995,Sofas & armchairs,        2-seat sofa,IKEA of Sweden,66,180
SANDARED,385314,245,Sofas & armchairs,        Pouffe/          45 cm,Synnöve Mork,33,
HÄSSELBY,19325457,1295,Sofas & armchairs,        3-seat sofa,193.254.57 The cover is easy to keep clean as it is removable and can be machine washed.,81,176
ALSEDA,20033919,195,Sofas & armchairs,        Stool,IKEA of Sweden,18,
GAMLARP,30451067,2795,Sofas & armchairs,        3-seat sofa,304.510.67,86,211
GRYTTBY,80437489,206.5,Sofas & armchairs,        Cover 3-seat sofa,David Wahl,,
BOSNÄS,40266682,95,Sofas & armchairs,        Footstool with storage,IKEA of Sweden,36,36
GAMLEHULT,10434309,325,Sofas & armchairs,        Footstool with storage,A Fredriksson/J Hultqvist/W Chong,36,
STOCKHOLM,80245051,6680,Sofas & armchairs,        Three-seat sofa,Niels Gammelgaard,80,211
KUNGSHAMN,10382876,60,Sofas & armchairs,        Cover for 1-seat module,Mikael Axelsson,,
STOCKHOLM 2017,40344500,5436,Sofas & armchairs,        Three-seat sofa,Ola Wihlborg,72,228
DIHULT,340472,262.5,Sofas & armchairs,        Pouffe,Gustav Carlberg,20,116
EMTEN,50468694,39,Sofas & armchairs,        Bath mat/          50x80 cm,IKEA of Sweden,,50
GENEVAD,40446985,2697,Sofas & armchairs,        2-seat sofa,IKEA of Sweden,95,172
NOCKEBY,50319859,645,Sofas & armchairs,        Cover three-seat sofa,Ola Wihlborg,,
RÖDEBY,50255536,69,Sofas & armchairs,        Armrest tray,502.555.36 Easy to fold up and easy to move.Fits on flat sofa armrest width from 10 cm to 30 cm.,,65
MELLTORP,19011777,199,Tables & desks,        Table/          125x75 cm,Lisa Norinder,74,75
LJUV,70466496,245,Tables & desks,        Coffee table/          60x52 cm,Nada Debs,28,52
LINNMON / ADILS,59133593,270,Tables & desks,        Corner table/          120x120 cm,Jon Karlsson,74,120
GLADOM,50411990,59,Tables & desks,        Tray table/          45x53 cm,Chenyi Ke,53,
LINDVED,433895,85,Tables & desks,        Side table/          50x68 cm,Ehlén Johansson,68,
KNARREVIK,30381183,39,Tables & desks,        Bedside table/          37x28 cm,IKEA of Sweden,45,37
TÄRENDÖ,99000483,125,Tables & desks,        Table/          110x67 cm,K Hagberg/M Hagberg,74,67
LINNMON / ALEX,49047119,460,Tables & desks,        Table/          120x60 cm,Johanna Asshoff/IKEA of Sweden,74,60
KVISTBRO,50322239,195,Tables & desks,        Storage table/          61 cm,Francis Cayouette,42,
LILLÅSEN,90278277,625,Tables & desks,        Desk/          102x49 cm,Mikael Axelsson,74,49
LUBBAN,50434307,275,Tables & desks,        Trolley table with storage,A Fredriksson/J Hultqvist/W Chong,66,50
LINNMON / LERBERG,59000705,175,Tables & desks,        Table/          120x60 cm,IKEA of Sweden,74,60
LINNMON / GODVIN,29214213,185,Tables & desks,        Table/          120x60 cm,IKEA of Sweden,74,60
GRANBODA,50351175,295,Tables & desks,        Nest of tables/ set of 3,Jonas Hultqvist,1,3
HOL,50161321,395,Tables & desks,        Storage table/          98x50 cm,IKEA of Sweden,50,50
BERGENES,10457999,9,Tables & desks,        Holder for mobile phone/tablet,IKEA of Sweden,,8
BURVIK,60340389,129,Tables & desks,        Side table/          38 cm,Mikael Axelsson,78,
TOFTERYD,40197486,795,Tables & desks,        Coffee table/          95x95 cm,Tord Björklund,31,95
LÖVBACKEN,80270125,299,Tables & desks,        Side table/          77x39 cm,IKEA of Sweden,51,39
NYBODA,452624,375,Tables & desks,        Coffee table w reversible table top/          120x40x40 cm,Ehlén Johansson,40,40
NORDEN,90423887,899,Tables & desks,        Gateleg table/          26/89/152x80 cm,"904.238.87 Small, neat dimensions make the table easy to furnish with, even when space is limited.Table with drop-leaves seats 2-4; makes it possible to adjust the table size according to need.You can store for example cutlery, table napkins and candles in the 6 drawers under the table top.This table has been tested against our strictest standards for stability, durability and safety to withstand everyday use in your home for years.Seats 2-4.Only recommended for indoor use.Combines with other furniture in the NORDEN series.For increased stability, re-tighten the screws about two weeks after assembly and when necessary.",74,80
LUNNARP,10351441,259,Tables & desks,        Coffee table/          90x55 cm,Johan Kroon,48,55
GERTON / ODDVALD,29870932,545,Tables & desks,        Table/          155x75 cm,IKEA of Sweden,73,75
MALMSTA,60261184,895,Tables & desks,        Coffee table/          130x80 cm,Ebba Strandmark,52,80
ISBERGET,20302596,10,Tables & desks,        Tablet stand/          25x25 cm,Sarah Fager,9,25
THYGE,89110934,495,Tables & desks,        Desk/          160x80 cm,IKEA of Sweden,,80
LINNMON / LALLE,99930961,385,Tables & desks,        Table/          120x60 cm,IKEA of Sweden/Tina Christensen,73,60
VEJMON,60136680,475,Tables & desks,        Coffee table/          90 cm,Ehlén Johansson,48,
LIERSKOGEN,40330862,225,Tables & desks,        Bedside table/          42x74 cm,Henrik Preutz,74,
JÄPPLING,40148368,545,Tables & desks,        Nest of tables/ set of 3,"401.483.68 Sizes: 44,5x29,5x40 cm, 40x29,5x43 cm and 33,5x29,5x40 cm.",,
INGO,14630009,275,Tables & desks,        Table/          120x75 cm,Gillis Lundgren,73,75
LINNMON / HILVER,29223830,775,Tables & desks,        Table/          150x75 cm,IKEA of Sweden/Chenyi Ke/Johanna Asshoff,85,75
GRUNDSUND,30415625,345,Tables & desks,        Nest of tables/ set of 3,"304.156.25 Can be used individually or be pushed together to save space.Low weight; easy to move.Sizes: (length x width x height) 27x22x35 cm, 36x26x38 cm, 45x30x40 cm.",,
KRAGSTA,90452587,495,Tables & desks,        Coffee table/          90 cm,Carina Bengs,48,
MARYD,40304467,345,Tables & desks,        Tray table/          58x38x58 cm,Carina Bengs,58,38
LINNMON,251135,59,Tables & desks,        Table top/          100x60 cm,IKEA of Sweden,,60
BRÄDA,60150176,15,Tables & desks,        Laptop support/          42x31 cm,Sarah Fager,9,42
ADILS,90217972,15,Tables & desks,        Leg,902.179.72 Adjustable feet make the table stand steady also on uneven floors.Screws for fixing the legs to the table top are included.Suitable for table tops with a minimum thickness of 25 mm.,70,
GUALÖV,70340379,275,Tables & desks,        Storage table/          60 cm,Johanna Jelinek,47,
ANVÄNDBAR,10346077,476,Tables & desks,        Table/          180x98 cm,Mikael Axelsson,74,98
LISABO,70294339,695,Tables & desks,        Table/          140x78 cm,K Hagberg/M Hagberg,74,78
LINNMON / ODDVALD,59216668,255,Tables & desks,        Table/          150x75 cm,IKEA of Sweden,73,75
BYLLAN,70403512,69,Tables & desks,        Laptop support,IKEA of Sweden,8,51
VIGGJA,70351481,99,Tables & desks,        Tray stand/          37x50x74 cm,Henrik Preutz,74,37
LERBERG,80130776,45,Tables & desks,        Trestle/          70x60 cm,IKEA of Sweden,70,60
GERTON,50106773,395,Tables & desks,        Table top/          155x75 cm,IKEA of Sweden,,75
GLASHOLM / ALEX,19213582,965,Tables & desks,        Table/          148x73 cm,Johanna Asshoff/Jomi Evers,71,73
SVALSTA,80280676,399,Tables & desks,        Nest of tables/ set of 2,IKEA of Sweden,,
SUNDSTA,10415853,345,Tables & desks,        Nest of tables/ set of 3,"104.158.53 Can be used individually or be pushed together to save space.Low weight; easy to move.Sizes: (length x width x height) 27x22x35 cm, 36x26x38 cm, 45x30x40 cm.",,
ARKELSTORP,90278588,595,Tables & desks,        Window table/          80x40x75 cm,Ebba Strandmark,75,80
FINNVARD,30345717,160,Tables & desks,        Trestle with shelf/          70x71/93 cm,IKEA of Sweden,,46
SETSKOG,40320349,159,Tables & desks,        Bedside table/          45x35 cm,K Hagberg/M Hagberg,65,45
TINGBY,20295925,199,Tables & desks,        Side table on castors/          64x64 cm,"202.959.25 Separate shelf for magazines, etc. helps you keep your things organised and the table top clear.The castors make it easy to move the table if needed.",45,64
RYDEBÄCK,69040353,495,Tables & desks,        Table/          150x78 cm,IKEA of Sweden/David Wahl,75,78
GAMLARED,30371240,395,Tables & desks,        Table/          85 cm,Mikael Axelsson,75,
KNOTTEN,30299485,556,Tables & desks,        Standing desk,K Hagberg/M Hagberg,105,62
KLIMPEN / LALLE,59213938,775,Tables & desks,        Table/          120x60 cm,Tina Christensen,73,60
TRULSTORP,20400276,645,Tables & desks,        Coffee table/          115x70 cm,204.002.76 One half of the table top can be raised to a more comfortable height for eating or maybe surfing on your laptop.Practical storage space underneath the table top.You can eat comfortably at your coffee table by raising the table top.,40,70
BJURSTA,80217524,225,Tables & desks,        Wall-mounted drop-leaf table/          90x50 cm,IKEA of Sweden,,90
ODDVALD,10118971,75,Tables & desks,        Trestle/          70x70 cm,IKEA of Sweden,70,42
MÖJLIGHET,434277,15,Tables & desks,        Headset/tablet stand,Gustav Carlberg,,
IKEA PS 2017,70334057,346.5,Tables & desks,        Side table on castors/          69x40 cm,Thomas Sandell,80,40
LINNMON / OLOV,19214275,375,Tables & desks,        Table/          150x75 cm,IKEA of Sweden,,75
OLOV,30264301,50,Tables & desks,        Leg/ adjustable,IKEA of Sweden,,
HILVER,80278287,345,Tables & desks,        Table top/          140x65 cm,Chenyi Ke,,65
GODVIN,50200271,25,Tables & desks,        Leg,IKEA of Sweden,70,4
LINNMON / KRILLE,99215695,405,Tables & desks,        Table/          150x75 cm,Francis Cayouette/IKEA of Sweden,74,75
LALLE,40237840,75,Tables & desks,        Leg/          70 cm,Tina Christensen,70,
MÖCKELBY,293772,2495,Tables & desks,        Table/          235x100 cm,Marcus Arvonen,74,100
FREDDE,50219044,1095,Tables & desks,        Desk/          185x74x146 cm,David Wahl,146,
VANGSTA,80361564,545,Tables & desks,        Extendable table/          120/180x75 cm,IKEA of Sweden,73,75
MÖRBYLÅNGA,20293766,2495,Tables & desks,        Table/          220x100 cm,S Lanneskog/J Marnell,74,100
SKARSTA,9320813,1000,Tables & desks,        Desk sit/stand/          120x70 cm,Jon Karlsson,,70
ÖVRARYD,79140700,635,Tables & desks,        Table/          150x78 cm,David Wahl,75,78
TORSKLINT,90365458,100,Tables & desks,        Leg/          70 cm,Jomi Evers,70,
VIKHAMMER,90388978,395,Tables & desks,        Bedside table/          60x39 cm,Marcus Arvonen,7,60
HILVER / LERBERG,99047145,435,Tables & desks,        Table/          140x65 cm,Chenyi Ke/IKEA of Sweden,,65
GLASHOLM / ODDVALD,9213686,495,Tables & desks,        Table/          148x73 cm,IKEA of Sweden/Jomi Evers,71,73
LINNMON / FINNVARD,49336077,495,Tables & desks,        Table/          150x75 cm,IKEA of Sweden,,75
ÅMLIDEN / KRILLE,49229925,595,Tables & desks,        Table/          120x60 cm,Francis Cayouette/Jomi Evers,74,60
ALVARET,60355446,95,Tables & desks,        Leg/          70 cm,Jomi Evers,70,
SLÄHULT,79140696,615,Tables & desks,        Table/          185x90 cm,IKEA of Sweden/David Wahl,73,90
SKOGSTA,70419264,1995,Tables & desks,        Dining table/          235x100 cm,Marcus Arvonen,73,100
KRILLE,30250257,75,Tables & desks,        Leg with castor/          70 cm,Francis Cayouette,70,
ÅMLIDEN / OLOV,9229946,495,Tables & desks,        Table/          120x60 cm,Jomi Evers/IKEA of Sweden,,60
GERTON / TORSKLINT,29229931,795,Tables & desks,        Table/          155x75 cm,IKEA of Sweden/Jomi Evers,73,75
LINNMON / ALVARET,59222264,555,Tables & desks,        Table/          150x75 cm,Jomi Evers/IKEA of Sweden,74,75
LANEBERG,60447776,695,Tables & desks,        Extendable table/          130/190x80 cm,K Hagberg/M Hagberg,75,80
TORSBY,39931845,895,Tables & desks,        Table/          135x85 cm,Carl Öjerstam/IKEA of Sweden,75,85
VÄSTANBY,59040344,1315,Tables & desks,        Table/          170x78 cm,Chris Martin/IKEA of Sweden,75,78
IKEA PS 2012,20206806,895,Tables & desks,        Drop-leaf table/          74/106/138x80 cm,Jon Karlsson,74,80
GLASHOLM,30353745,345,Tables & desks,        Table top/          148x73 cm,Jomi Evers,,73
VÄSTANÅ,70279447,595,Tables & desks,        Underframe,Chris Martin,70,72
ÅMLIDEN,10365457,295,Tables & desks,        Table top/          120x60 cm,Jomi Evers,,60
LINNMON / TORSKLINT,69229934,459,Tables & desks,        Table/          100x60 cm,IKEA of Sweden/Jomi Evers,74,60
HILVER / GODVIN,39047148,445,Tables & desks,        Table/          140x65 cm,IKEA of Sweden/Chenyi Ke,,65
ÅMLIDEN / TORSKLINT,9229791,695,Tables & desks,        Table/          120x60 cm,Jomi Evers,74,60
DALSHULT,40247207,575,Tables & desks,        Underframe,Wiebke Braasch,71,78
HILVER / GERTON,59047147,665,Tables & desks,        Table/          140x65 cm,IKEA of Sweden/Chenyi Ke,,65
ÅMLIDEN / ALVARET,59229915,675,Tables & desks,        Table/          120x60 cm,Jomi Evers,74,60
KLIMPEN / TORSKLINT,69325855,950,Tables & desks,        Table/          150x75 cm,Tina Christensen/Jomi Evers,73,75
BACKARYD,90247139,195,Tables & desks,        Underframe,David Wahl,71,74
VESKEN,471222,39,Trolleys,        Trolley/          54x18x71 cm,David Wahl,71,54
HORNAVAN,70243873,195,Trolleys,        Trolley/          26x48x77 cm,IKEA of Sweden,77,48
NISSAFORS,20399777,99,Trolleys,        Trolley/          50.5x30x83 cm,Ebba Strandmark,83,30
RÅSHULT,20463056,125,Trolleys,        Trolley/          38x28 cm,IKEA of Sweden,65,28
SUNNERSTA,70303720,125,Trolleys,        Trolley/          56x33 cm,Henrik Preutz,97,33
GRUNDTAL,60171433,195,Trolleys,        Trolley/          48x24x77 cm,K Hagberg/M Hagberg,77,48
RISATORP,20281631,245,Trolleys,        Trolley/          57x39x86 cm,Wiebke Braasch,86,39
VADHOLMA,59276228,2295,Trolleys,        Kitchen island with rack/          126x79x193 cm,Ebba Strandmark,90,126
FÖRHÖJA,80035920,645,Trolleys,        Kitchen trolley/          100x43 cm,Nike Karlsson,90,43
FLYTTA,58487,537,Trolleys,        Kitchen trolley/          98x57 cm,Nicholai Wiig Hansen,86,57
TORNVIKEN,40391657,1495,Trolleys,        Kitchen island/          126x77 cm,Ebba Strandmark,90,77
KUNGSFORS,80334924,695,Trolleys,        Kitchen trolley/          60x40 cm,Ehlén Johansson,90,40
RIMFORSA,90399284,1995,Trolleys,        Work bench/          120x63.5x92 cm,Ehlén Johansson,92,63
STENSTORP,40201916,795,Trolleys,        Kitchen trolley/          45x43x90 cm,Carina Bengs,90,43
HÖGSMA,90446619,49,Trolleys,        Chopping board/          42x31 cm,IKEA of Sweden,,30
BYÅS,80227797,476,TV & media furniture,        TV bench/          160x42x45 cm,Marcus Arvonen,45,160
LAPPLAND,30285153,695,TV & media furniture,        TV storage unit/          183x39x147 cm,IKEA of Sweden,147,183
MOSJÖ,90144730,175,TV & media furniture,        TV bench/          90x40x38 cm,IKEA of Sweden,38,90
RAKKESTAD,50453758,345,Wardrobes,        Wardrobe with 2 doors/          79x176 cm,IKEA of Sweden,176,79
PAX,29385672,840,Wardrobes,        Wardrobe combination/          150x58x201 cm,IKEA of Sweden/Ehlén Johansson,201,150
PAX / FORSAND/VIKEDAL,19329304,1195,Wardrobes,        Wardrobe combination/          150x60x201 cm,IKEA of Sweden/Ehlén Johansson,201,150
KLEPPSTAD,441758,449,Wardrobes,        Wardrobe with 3 doors/          117x176 cm,IKEA of Sweden,176,117
VUKU,80331973,49,Wardrobes,        Wardrobe/          74x51x149 cm,J Karlsson/W Chong,149,74
PAX / BERGSBO,59328897,1835,Wardrobes,        Wardrobe combination/          200x38x236 cm,Ehlén Johansson/IKEA of Sweden/K Hagberg/M Hagberg,236,200
PAX / TYSSEDAL,49324946,6065,Wardrobes,        Wardrobe combination/          250x60x236 cm,Ebba Strandmark/IKEA of Sweden/Ola Wihlborg/Ehlén Johansson,236,250
SUNDLANDET,421915,716,Wardrobes,        Open wardrobe/          79x44x187 cm,Ola Wihlborg,187,79
PAX / MEHAMN,29330571,1725,Wardrobes,        Wardrobe combination/          150x44x236 cm,IKEA of Sweden/Ehlén Johansson,236,150
PAX / AULI,69330159,2255,Wardrobes,        Wardrobe combination/          150x66x236 cm,Ehlén Johansson/IKEA of Sweden,236,150
PAX / GRIMO/VIKEDAL,79331870,4230,Wardrobes,        Corner wardrobe/          210/160x236 cm,IKEA of Sweden/Ola Wihlborg/Ehlén Johansson,236,160
PAX / VIKEDAL,89329536,2940,Wardrobes,        Wardrobe combination/          150x60x236 cm,Ehlén Johansson/IKEA of Sweden,236,150
PAX / GRIMO,29324711,1765,Wardrobes,        Wardrobe combination/          100x60x201 cm,Ehlén Johansson/Ola Wihlborg/IKEA of Sweden,201,100
PAX / HASVIK,49330749,2990,Wardrobes,        Wardrobe combination/          200x44x236 cm,Ehlén Johansson/IKEA of Sweden,236,200
PAX / SEKKEN,79330192,2255,Wardrobes,        Wardrobe combination/          150x66x236 cm,IKEA of Sweden/Ehlén Johansson,236,150
PAX / VINGROM,29320911,2525,Wardrobes,        Wardrobe combination/          100x60x236 cm,IKEA of Sweden/Ehlén Johansson,236,100
PAX / FÄRVIK/AULI,99330515,3155,Wardrobes,        Wardrobe combination/          200x44x236 cm,IKEA of Sweden/Ehlén Johansson,236,200
PAX / MEHAMN/SEKKEN,39330735,1980,Wardrobes,        Wardrobe combination/          150x66x236 cm,IKEA of Sweden/Ehlén Johansson,236,150
PAX / VINTERBRO,89329560,4390,Wardrobes,        Wardrobe combination/          200x38x236 cm,Ehlén Johansson/IKEA of Sweden,236,200
PAX / FORSAND,59324936,2100,Wardrobes,        Wardrobe combination/          100x60x236 cm,IKEA of Sweden/Ehlén Johansson,236,100
PAX / HOKKSUND,69330475,3985,Wardrobes,        Wardrobe combination/          150x66x236 cm,IKEA of Sweden/Ehlén Johansson,236,150
PAX / MEHAMN/AULI,89330653,2045,Wardrobes,        Wardrobe combination/          200x66x236 cm,IKEA of Sweden/Ehlén Johansson,236,200
